test_name,fail_count
org.mozilla.wpt.attributes-are-nodes.html,0
org.mozilla.wpt.window-extends-event-target.html,0
org.mozilla.wpt.constants.js,2
org.mozilla.wpt.xpath-result-single-node-value-nullable.html,0
org.mozilla.wpt.slot-recalc-ref.html,0
org.mozilla.wpt.historical.html,1
org.mozilla.wpt.interface-objects.html,0
org.mozilla.wpt.svg-insert-crash.html,0
org.mozilla.wpt.idlharness.window.js,1
org.mozilla.wpt.common.js,0
org.mozilla.wpt.slot-recalc.html,0
org.mozilla.wpt.eventPathRemoved.html,0
org.mozilla.wpt.historical-mutation-events.html,0
org.mozilla.wpt.idlharness.any.js,1
org.mozilla.wpt.observable.tentative.observable-inspect.any.js,0
org.mozilla.wpt.observable.tentative.observable-toArray.any.js,0
org.mozilla.wpt.observable.tentative.observable-find.any.js,0
org.mozilla.wpt.observable.tentative.observable-take.any.js,0
org.mozilla.wpt.observable.tentative.observable-drop.any.js,0
org.mozilla.wpt.observable.tentative.observable-switchMap.any.js,0
org.mozilla.wpt.observable.tentative.observable-constructor.any.js,0
org.mozilla.wpt.observable.tentative.idlharness.html,1
org.mozilla.wpt.observable.tentative.observable-from.any.js,1
org.mozilla.wpt.observable.tentative.observable-map.window.js,0
org.mozilla.wpt.observable.tentative.observable-some.any.js,1
org.mozilla.wpt.observable.tentative.observable-last.any.js,0
org.mozilla.wpt.observable.tentative.observable-event-target.window.js,0
org.mozilla.wpt.observable.tentative.observable-every.any.js,0
org.mozilla.wpt.observable.tentative.observable-finally.any.js,0
org.mozilla.wpt.observable.tentative.observable-map.any.js,0
org.mozilla.wpt.observable.tentative.observable-takeUntil.any.js,0
org.mozilla.wpt.observable.tentative.observable-reduce.any.js,3
org.mozilla.wpt.observable.tentative.observable-flatMap.any.js,0
org.mozilla.wpt.observable.tentative.observable-first.any.js,0
org.mozilla.wpt.observable.tentative.observable-filter.any.js,0
org.mozilla.wpt.observable.tentative.observable-event-target.any.js,0
org.mozilla.wpt.observable.tentative.observable-takeUntil.window.js,0
org.mozilla.wpt.observable.tentative.observable-forEach.window.js,1
org.mozilla.wpt.observable.tentative.observable-forEach.any.js,2
org.mozilla.wpt.observable.tentative.observable-constructor.window.js,0
org.mozilla.wpt.observable.tentative.observable-catch.any.js,2
org.mozilla.wpt.observable.tentative.crashtests.observable-takeUntil-toArray.any.js,0
org.mozilla.wpt.ranges.Range-mutations-appendData.html,0
org.mozilla.wpt.ranges.Range-test-iframe.html,5
org.mozilla.wpt.ranges.Range-mutations-replaceChild.html,0
org.mozilla.wpt.ranges.Range-isPointInRange.html,0
org.mozilla.wpt.ranges.Range-deleteContents.html,2
org.mozilla.wpt.ranges.Range-stringifier.html,0
org.mozilla.wpt.ranges.Range-extractContents.html,1
org.mozilla.wpt.ranges.Range-mutations-removeChild.html,1
org.mozilla.wpt.ranges.Range-selectNode.html,0
org.mozilla.wpt.ranges.Range-mutations-deleteData.html,0
org.mozilla.wpt.ranges.Range-set.html,0
org.mozilla.wpt.ranges.Range-attributes.html,2
org.mozilla.wpt.ranges.Range-mutations-appendChild.html,1
org.mozilla.wpt.ranges.Range-compareBoundaryPoints-crash.html,0
org.mozilla.wpt.ranges.Range-mutations.js,0
org.mozilla.wpt.ranges.Range-in-shadow-after-the-shadow-removed.html,0
org.mozilla.wpt.ranges.Range-intersectsNode-shadow.html,0
org.mozilla.wpt.ranges.Range-intersectsNode.html,0
org.mozilla.wpt.ranges.Range-collapse.html,0
org.mozilla.wpt.ranges.StaticRange-constructor.html,1
org.mozilla.wpt.ranges.Range-mutations-dataChange.html,2
org.mozilla.wpt.ranges.Range-mutations-replaceData.html,2
org.mozilla.wpt.ranges.Range-compareBoundaryPoints.html,0
org.mozilla.wpt.ranges.Range-mutations-insertData.html,0
org.mozilla.wpt.ranges.Range-cloneRange.html,0
org.mozilla.wpt.ranges.Range-adopt-test.html,0
org.mozilla.wpt.ranges.Range-constructor.html,0
org.mozilla.wpt.ranges.Range-surroundContents.html,0
org.mozilla.wpt.ranges.Range-comparePoint-2.html,0
org.mozilla.wpt.ranges.Range-comparePoint.html,0
org.mozilla.wpt.ranges.Range-detach.html,0
org.mozilla.wpt.ranges.Range-intersectsNode-2.html,0
org.mozilla.wpt.ranges.Range-mutations-splitText.html,0
org.mozilla.wpt.ranges.Range-insertNode.html,1
org.mozilla.wpt.ranges.Range-mutations-insertBefore.html,5
org.mozilla.wpt.ranges.Range-cloneContents.html,0
org.mozilla.wpt.ranges.Range-commonAncestorContainer-2.html,1
org.mozilla.wpt.ranges.Range-intersectsNode-binding.html,0
org.mozilla.wpt.ranges.Range-commonAncestorContainer.html,0
org.mozilla.wpt.ranges.tentative.FormControlRange-unsupported-elements.html,0
org.mozilla.wpt.ranges.tentative.FormControlRange-toString.html,0
org.mozilla.wpt.ranges.tentative.FormControlRange-geometry-complexity-and-visibility.html,0
org.mozilla.wpt.ranges.tentative.FormControlRange-validation.html,0
org.mozilla.wpt.ranges.tentative.FormControlRange-supported-elements.html,2
org.mozilla.wpt.ranges.tentative.FormControlRange-range-updates.html,0
org.mozilla.wpt.ranges.tentative.FormControlRange-interactive-overlap-and-selection.html,0
org.mozilla.wpt.ranges.tentative.FormControlRange-basic.html,0
org.mozilla.wpt.ranges.tentative.FormControlRange-geometry-multiline-and-mutations.html,0
org.mozilla.wpt.ranges.tentative.FormControlRange-offset.html,1
org.mozilla.wpt.ranges.tentative.FormControlRange-update-event-order.html,3
org.mozilla.wpt.ranges.tentative.FormControlRange-interactive-basic.html,1
org.mozilla.wpt.ranges.tentative.FormControlRange-geometry-basic.html,0
org.mozilla.wpt.ranges.tentative.FormControlRange-programmatic-updates.html,0
org.mozilla.wpt.nodes.append-on-Document.html,0
org.mozilla.wpt.nodes.CharacterData-appendData.html,0
org.mozilla.wpt.nodes.Node-normalize.html,0
org.mozilla.wpt.nodes.Node-compareDocumentPosition.html,0
org.mozilla.wpt.nodes.CharacterData-replaceData.html,0
org.mozilla.wpt.nodes.Node-parentNode-iframe.html,1
org.mozilla.wpt.nodes.Element-closest.html,0
org.mozilla.wpt.nodes.DocumentFragment-getElementById.html,0
org.mozilla.wpt.nodes.CharacterData-substringData.html,0
org.mozilla.wpt.nodes.ParentNode-children.html,0
org.mozilla.wpt.nodes.Document-createProcessingInstruction.html,0
org.mozilla.wpt.nodes.Document-URL.html,2
org.mozilla.wpt.nodes.svg-template-querySelector.html,0
org.mozilla.wpt.nodes.MutationObserver-childList.html,0
org.mozilla.wpt.nodes.Element-removeAttributeNS.html,1
org.mozilla.wpt.nodes.NodeList-static-length-getter-tampered-indexOf-2.html,2
org.mozilla.wpt.nodes.Document-createCDATASection-xhtml.xhtml,3
org.mozilla.wpt.nodes.Node-childNodes-cache.html,0
org.mozilla.wpt.nodes.insert-adjacent.html,0
org.mozilla.wpt.nodes.Document-characterSet-normalization-1.html,1
org.mozilla.wpt.nodes.Node-properties.html,0
org.mozilla.wpt.nodes.Element-firstElementChild-entity-xhtml.xhtml,0
org.mozilla.wpt.nodes.DOMImplementation-createDocument-with-null-browsing-context-crash.html,0
org.mozilla.wpt.nodes.DocumentFragment-constructor.html,0
org.mozilla.wpt.nodes.ParentNode-querySelectorAll-removed-elements.html,0
org.mozilla.wpt.nodes.Element-previousElementSibling.html,0
org.mozilla.wpt.nodes.Element-childElementCount-nochild.html,0
org.mozilla.wpt.nodes.query-target-in-load-event.html,0
org.mozilla.wpt.nodes.DOMImplementation-createHTMLDocument-with-null-browsing-context-crash.html,0
org.mozilla.wpt.nodes.MutationObserver-cross-realm-callback-report-exception.html,3
org.mozilla.wpt.nodes.Element-insertAdjacentElement.html,0
org.mozilla.wpt.nodes.case.html,1
org.mozilla.wpt.nodes.DOMImplementation-createHTMLDocument.html,0
org.mozilla.wpt.nodes.Element-webkitMatchesSelector.html,2
org.mozilla.wpt.nodes.Node-isEqualNode-xhtml.xhtml,0
org.mozilla.wpt.nodes.Node-insertBefore.html,5
org.mozilla.wpt.nodes.node-appendchild-crash.html,0
org.mozilla.wpt.nodes.Document-createProcessingInstruction.js,0
org.mozilla.wpt.nodes.ChildNode-replaceWith.html,2
org.mozilla.wpt.nodes.DocumentType-literal.html,1
org.mozilla.wpt.nodes.MutationObserver-textContent.html,0
org.mozilla.wpt.nodes.DocumentFragment-querySelectorAll-after-modification.html,2
org.mozilla.wpt.nodes.ParentNode-querySelector-case-insensitive.html,0
org.mozilla.wpt.nodes.Document-getElementsByClassName.html,0
org.mozilla.wpt.nodes.Document-getElementsByTagName-xhtml.xhtml,0
org.mozilla.wpt.nodes.Node-cloneNode.html,2
org.mozilla.wpt.nodes.Node-nodeName-xhtml.xhtml,0
org.mozilla.wpt.nodes.MutationObserver-characterData.html,0
org.mozilla.wpt.nodes.Node-nodeValue.html,0
org.mozilla.wpt.nodes.Node-isSameNode.html,0
org.mozilla.wpt.nodes.NodeList-static-length-getter-tampered-1.html,0
org.mozilla.wpt.nodes.Element-hasAttributes.html,1
org.mozilla.wpt.nodes.Document-getElementsByTagName.html,0
org.mozilla.wpt.nodes.CharacterData-data.html,0
org.mozilla.wpt.nodes.creators.js,0
org.mozilla.wpt.nodes.DOMImplementation-createHTMLDocument.js,1
org.mozilla.wpt.nodes.Element-siblingElement-null-xhtml.xhtml,0
org.mozilla.wpt.nodes.Element-children.html,0
org.mozilla.wpt.nodes.MutationObserver-document.html,0
org.mozilla.wpt.nodes.MutationObserver-nested-crash.html,2
org.mozilla.wpt.nodes.Document-createElement-namespace.html,5
org.mozilla.wpt.nodes.Node-removeChild.html,1
org.mozilla.wpt.nodes.MutationObserver-takeRecords.html,0
org.mozilla.wpt.nodes.MutationObserver-callback-arguments.html,0
org.mozilla.wpt.nodes.Element-getElementsByTagName-change-document-HTMLNess.html,1
org.mozilla.wpt.nodes.Element-insertAdjacentText.html,0
org.mozilla.wpt.nodes.prepend-on-Document.html,0
org.mozilla.wpt.nodes.Node-isConnected.html,1
org.mozilla.wpt.nodes.Document-createElement.html,0
org.mozilla.wpt.nodes.Element-tagName.html,3
org.mozilla.wpt.nodes.ProcessingInstruction-escapes-1.xhtml,0
org.mozilla.wpt.nodes.Document-importNode.html,0
org.mozilla.wpt.nodes.ChildNode-before.html,0
org.mozilla.wpt.nodes.CharacterData-deleteData.html,0
org.mozilla.wpt.nodes.ParentNode-querySelectors-namespaces.html,0
org.mozilla.wpt.nodes.getElementsByClassName-whitespace-class-names.html,0
org.mozilla.wpt.nodes.Text-wholeText.html,1
org.mozilla.wpt.nodes.Document-createComment-createTextNode.js,0
org.mozilla.wpt.nodes.MutationObserver-inner-outer.html,0
org.mozilla.wpt.nodes.DOMImplementation-hasFeature.html,1
org.mozilla.wpt.nodes.Element-childElementCount-dynamic-remove.html,1
org.mozilla.wpt.nodes.Node-appendChild.html,3
org.mozilla.wpt.nodes.Document-Element-getElementsByTagNameNS.js,0
org.mozilla.wpt.nodes.Element-previousElementSibling-xhtml.xhtml,0
org.mozilla.wpt.nodes.Document-createEvent.https.html,0
org.mozilla.wpt.nodes.Node-cloneNode-document-with-doctype.html,0
org.mozilla.wpt.nodes.CharacterData-remove.html,0
org.mozilla.wpt.nodes.ParentNode-append.html,0
org.mozilla.wpt.nodes.Element-firstElementChild-namespace-xhtml.xhtml,1
org.mozilla.wpt.nodes.NodeList-static-length-getter-tampered-indexOf-3.html,2
org.mozilla.wpt.nodes.Node-isEqualNode.html,0
org.mozilla.wpt.nodes.Element-matches.html,0
org.mozilla.wpt.nodes.Node-baseURI.html,0
org.mozilla.wpt.nodes.pre-insertion-validation-hierarchy.js,0
org.mozilla.wpt.nodes.Element-lastElementChild.html,1
org.mozilla.wpt.nodes.DocumentType-remove.html,2
org.mozilla.wpt.nodes.Node-nodeName.html,1
org.mozilla.wpt.nodes.Document-Element-getElementsByTagName.js,1
org.mozilla.wpt.nodes.MutationObserver-sanity.html,1
org.mozilla.wpt.nodes.ParentNode-querySelector-All.html,2
org.mozilla.wpt.nodes.Element-getElementsByTagNameNS.html,0
org.mozilla.wpt.nodes.Element-childElementCount-dynamic-remove-xhtml.xhtml,0
org.mozilla.wpt.nodes.ParentNode-querySelectors-space-and-dash-attribute-value.html,0
org.mozilla.wpt.nodes.ParentNode-prepend.html,0
org.mozilla.wpt.nodes.Node-isConnected-shadow-dom.html,0
org.mozilla.wpt.nodes.Document-createProcessingInstruction-xhtml.xhtml,0
org.mozilla.wpt.nodes.Node-cloneNode-external-stylesheet-no-bc.sub.html,0
org.mozilla.wpt.nodes.ChildNode-remove.js,2
org.mozilla.wpt.nodes.Element-remove.html,0
org.mozilla.wpt.nodes.getElementsByClassName-32.html,0
org.mozilla.wpt.nodes.Node-appendChild-cereactions-vs-script.window.js,0
org.mozilla.wpt.nodes.Node-mutation-adoptNode.html,0
org.mozilla.wpt.nodes.Node-childNodes.html,0
org.mozilla.wpt.nodes.DOMImplementation-createDocument.html,1
org.mozilla.wpt.nodes.Document-adoptNode.html,0
org.mozilla.wpt.nodes.ParentNode-querySelector-escapes.html,0
org.mozilla.wpt.nodes.adoption.window.js,0
org.mozilla.wpt.nodes.Document-createEvent-touchevent.window.js,0
org.mozilla.wpt.nodes.MutationObserver-attributes.html,0
org.mozilla.wpt.nodes.Element-classlist.html,3
org.mozilla.wpt.nodes.Document-createElementNS.html,1
org.mozilla.wpt.nodes.ParentNode-querySelectors-exclusive.html,0
org.mozilla.wpt.nodes.Element-childElement-null-xhtml.xhtml,0
org.mozilla.wpt.nodes.attributes-namednodemap-cross-document.window.js,0
org.mozilla.wpt.nodes.Comment-in-doctype.xhtml,0
org.mozilla.wpt.nodes.Element-setAttribute-crbug-1138487.html,2
org.mozilla.wpt.nodes.Node-parentNode.html,0
org.mozilla.wpt.nodes.Node-childNodes-cache-2.html,0
org.mozilla.wpt.nodes.CharacterData-insertData.html,0
org.mozilla.wpt.nodes.Document-getElementsByTagNameNS.html,0
org.mozilla.wpt.nodes.Text-splitText.html,0
org.mozilla.wpt.nodes.Element-firstElementChild-xhtml.xhtml,0
org.mozilla.wpt.nodes.CharacterData-surrogates.html,0
org.mozilla.wpt.nodes.NodeList-static-length-getter-tampered-2.html,1
org.mozilla.wpt.nodes.Comment-Text-constructor.js,1
org.mozilla.wpt.nodes.Document-createTreeWalker.html,0
org.mozilla.wpt.nodes.Element-siblingElement-null.html,1
org.mozilla.wpt.nodes.Element-nextElementSibling.html,0
org.mozilla.wpt.nodes.remove-and-adopt-thcrash.html,0
org.mozilla.wpt.nodes.DocumentType-literal-xhtml.xhtml,0
org.mozilla.wpt.nodes.Element-childElementCount-dynamic-add-xhtml.xhtml,0
org.mozilla.wpt.nodes.attributes.html,0
org.mozilla.wpt.nodes.Document-createCDATASection.html,0
org.mozilla.wpt.nodes.rootNode.html,0
org.mozilla.wpt.nodes.Document-createEvent.js,0
org.mozilla.wpt.nodes.case.js,1
org.mozilla.wpt.nodes.Document-createComment.html,0
org.mozilla.wpt.nodes.Node-cloneNode-XMLDocument.html,1
org.mozilla.wpt.nodes.ProcessingInstruction-literal-2.xhtml,0
org.mozilla.wpt.nodes.NodeList-static-length-getter-tampered-indexOf-1.html,1
org.mozilla.wpt.nodes.Document-createTextNode.html,0
org.mozilla.wpt.nodes.Text-constructor.html,1
org.mozilla.wpt.nodes.Document-characterSet-normalization-2.html,0
org.mozilla.wpt.nodes.Document-createElementNS.js,3
org.mozilla.wpt.nodes.Element-matches-namespaced-elements.html,0
org.mozilla.wpt.nodes.DOMImplementation-createDocumentType.html,0
org.mozilla.wpt.nodes.attributes-namednodemap.html,0
org.mozilla.wpt.nodes.Node-lookupPrefix.xhtml,0
org.mozilla.wpt.nodes.ParentNode-querySelector-All-content.html,1
org.mozilla.wpt.nodes.Element-childElementCount.html,0
org.mozilla.wpt.nodes.querySelector-mixed-case.html,0
org.mozilla.wpt.nodes.query-target-in-load-event.part.html,0
org.mozilla.wpt.nodes.Node-constants.html,0
org.mozilla.wpt.nodes.Node-cloneNode-on-inactive-document-crash.html,0
org.mozilla.wpt.nodes.remove-from-shadow-host-and-adopt-into-iframe.html,1
org.mozilla.wpt.nodes.Element-matches-init.js,0
org.mozilla.wpt.nodes.NodeList-live-mutations.window.js,1
org.mozilla.wpt.nodes.Element-childElementCount-nochild-xhtml.xhtml,0
org.mozilla.wpt.nodes.mutationobservers.js,0
org.mozilla.wpt.nodes.ProcessingInstruction-literal-1.xhtml,0
org.mozilla.wpt.nodes.CharacterData-appendChild.html,0
org.mozilla.wpt.nodes.Element-getElementsByClassName.html,0
org.mozilla.wpt.nodes.productions.js,0
org.mozilla.wpt.nodes.pre-insertion-validation-notfound.js,1
org.mozilla.wpt.nodes.Element-childElement-null.html,0
org.mozilla.wpt.nodes.Node-parentElement.html,0
org.mozilla.wpt.nodes.Node-cloneNode-svg.html,3
org.mozilla.wpt.nodes.Element-matches.js,3
org.mozilla.wpt.nodes.MutationObserver-disconnect.html,0
org.mozilla.wpt.nodes.Node-contains.html,0
org.mozilla.wpt.nodes.Document-createAttribute.html,0
org.mozilla.wpt.nodes.Element-hasAttribute.html,1
org.mozilla.wpt.nodes.selectors.js,0
org.mozilla.wpt.nodes.Document-doctype.html,0
org.mozilla.wpt.nodes.ParentNode-replaceChildren.html,0
org.mozilla.wpt.nodes.ParentNode-querySelector-scope.html,0
org.mozilla.wpt.nodes.ParentNode-querySelector-All.js,2
org.mozilla.wpt.nodes.Element-childElementCount-dynamic-add.html,2
org.mozilla.wpt.nodes.Node-replaceChild.html,5
org.mozilla.wpt.nodes.ProcessingInstruction-in-doctype.xhtml,0
org.mozilla.wpt.nodes.Node-cloneNode-document-allow-declarative-shadow-roots.window.js,3
org.mozilla.wpt.nodes.Element-firstElementChild-namespace.html,0
org.mozilla.wpt.nodes.Document-getElementById.html,0
org.mozilla.wpt.nodes.name-validation.html,0
org.mozilla.wpt.nodes.Element-getElementsByTagName.html,3
org.mozilla.wpt.nodes.DOMImplementation-createHTMLDocument-with-saved-implementation.html,0
org.mozilla.wpt.nodes.NodeList-Iterable.html,5
org.mozilla.wpt.nodes.ChildNode-after.html,0
org.mozilla.wpt.nodes.Element-removeAttribute.html,0
org.mozilla.wpt.nodes.Element-childElementCount-xhtml.xhtml,0
org.mozilla.wpt.nodes.Element-lastElementChild-xhtml.xhtml,0
org.mozilla.wpt.nodes.Element-firstElementChild.html,0
org.mozilla.wpt.nodes.getElementsByClassName-empty-set.html,1
org.mozilla.wpt.nodes.Element-setAttribute.html,1
org.mozilla.wpt.nodes.NodeList-static-length-getter-tampered-3.html,1
org.mozilla.wpt.nodes.Node-textContent.html,0
org.mozilla.wpt.nodes.characterset-helper.js,1
org.mozilla.wpt.nodes.attributes.js,0
org.mozilla.wpt.nodes.remove-unscopable.html,0
org.mozilla.wpt.nodes.Comment-constructor.html,1
org.mozilla.wpt.nodes.Element-nextElementSibling-xhtml.xhtml,0
org.mozilla.wpt.nodes.Node-lookupNamespaceURI.html,5
org.mozilla.wpt.nodes.Document-constructor.html,0
org.mozilla.wpt.nodes.Document-implementation.html,0
org.mozilla.wpt.nodes.remove-from-shadow-host-and-adopt-into-iframe-ref.html,0
org.mozilla.wpt.nodes.Document-createElement-namespace-tests.bare_mathml.html,1
org.mozilla.wpt.nodes.Document-createElement-namespace-tests.xhtml_ns_removed.xhtml,0
org.mozilla.wpt.nodes.Document-createElement-namespace-tests.empty.html,0
org.mozilla.wpt.nodes.Document-createElement-namespace-tests.xhtml_ns_removed.html,0
org.mozilla.wpt.nodes.Document-createElement-namespace-tests.svg.xhtml,0
org.mozilla.wpt.nodes.Document-createElement-namespace-tests.minimal_html.html,0
org.mozilla.wpt.nodes.Document-createElement-namespace-tests.minimal_html.xhtml,2
org.mozilla.wpt.nodes.Document-createElement-namespace-tests.bare_mathml.xhtml,0
org.mozilla.wpt.nodes.Document-createElement-namespace-tests.bare_svg.xhtml,0
org.mozilla.wpt.nodes.Document-createElement-namespace-tests.mathml.html,1
org.mozilla.wpt.nodes.Document-createElement-namespace-tests.empty.xhtml,0
org.mozilla.wpt.nodes.Document-createElement-namespace-tests.bare_xhtml.xhtml,0
org.mozilla.wpt.nodes.Document-createElement-namespace-tests.xhtml_ns_changed.xhtml,0
org.mozilla.wpt.nodes.Document-createElement-namespace-tests.xhtml_ns_changed.html,0
org.mozilla.wpt.nodes.Document-createElement-namespace-tests.mathml.xhtml,0
org.mozilla.wpt.nodes.Document-createElement-namespace-tests.xhtml.xhtml,0
org.mozilla.wpt.nodes.Document-createElement-namespace-tests.bare_svg.html,0
org.mozilla.wpt.nodes.Document-createElement-namespace-tests.svg.html,0
org.mozilla.wpt.nodes.Document-createElement-namespace-tests.xhtml.html,0
org.mozilla.wpt.nodes.Document-createElement-namespace-tests.bare_xhtml.html,0
org.mozilla.wpt.nodes.Document-contentType.contentType.contenttype_css.html,0
org.mozilla.wpt.nodes.Document-contentType.contentType.createDocument.html,3
org.mozilla.wpt.nodes.Document-contentType.contentType.contenttype_datauri_02.html,0
org.mozilla.wpt.nodes.Document-contentType.contentType.xhr_responseType_document.html,5
org.mozilla.wpt.nodes.Document-contentType.contentType.contenttype_gif.html,1
org.mozilla.wpt.nodes.Document-contentType.contentType.contenttype_mimeheader_02.html,5
org.mozilla.wpt.nodes.Document-contentType.contentType.contenttype_txt.html,0
org.mozilla.wpt.nodes.Document-contentType.contentType.contenttype_jpg.html,0
org.mozilla.wpt.nodes.Document-contentType.contentType.contenttype_javascripturi.html,0
org.mozilla.wpt.nodes.Document-contentType.contentType.contenttype_bmp.html,0
org.mozilla.wpt.nodes.Document-contentType.contentType.contenttype_png.html,0
org.mozilla.wpt.nodes.Document-contentType.contentType.contenttype_html.html,0
org.mozilla.wpt.nodes.Document-contentType.contentType.contenttype_xml.html,1
org.mozilla.wpt.nodes.Document-contentType.contentType.contenttype_mimeheader_01.html,0
org.mozilla.wpt.nodes.Document-contentType.contentType.createHTMLDocument.html,3
org.mozilla.wpt.nodes.Document-contentType.resources.lib.js,2
org.mozilla.wpt.nodes.crashtests.document-replaceChild-input-documentElement.html,0
org.mozilla.wpt.nodes.insertion-removing-steps.blur-event.window.js,0
org.mozilla.wpt.nodes.insertion-removing-steps.Node-appendChild-script-and-style.tentative.html,0
org.mozilla.wpt.nodes.insertion-removing-steps.insertion-removing-steps-iframe.window.js,0
org.mozilla.wpt.nodes.insertion-removing-steps.Node-appendChild-script-and-custom-from-fragment.tentative.html,0
org.mozilla.wpt.nodes.insertion-removing-steps.Node-append-meta-referrer-and-script-from-fragment.tentative.html,0
org.mozilla.wpt.nodes.insertion-removing-steps.script-does-not-run-on-child-removal.window.js,0
org.mozilla.wpt.nodes.insertion-removing-steps.Node-appendChild-script-with-mutation-observer-takeRecords.html,0
org.mozilla.wpt.nodes.insertion-removing-steps.Node-appendChild-text-in-script.tentative.html,0
org.mozilla.wpt.nodes.insertion-removing-steps.Node-appendChild-text-and-script-in-style.tentative.html,0
org.mozilla.wpt.nodes.insertion-removing-steps.Node-append-form-and-script-from-fragment.tentative.html,0
org.mozilla.wpt.nodes.insertion-removing-steps.Node-appendChild-script-in-script.tentative.html,0
org.mozilla.wpt.nodes.insertion-removing-steps.Node-appendChild-three-scripts.tentative.html,0
org.mozilla.wpt.nodes.insertion-removing-steps.Node-appendChild-script-and-button-from-div.tentative.html,0
org.mozilla.wpt.nodes.insertion-removing-steps.Node-appendChild-script-and-default-style-meta-from-fragment.tentative.html,0
org.mozilla.wpt.nodes.insertion-removing-steps.insertion-removing-steps-script.window.js,0
org.mozilla.wpt.nodes.insertion-removing-steps.Node-appendChild-script-and-source-from-fragment.tentative.html,0
org.mozilla.wpt.nodes.insertion-removing-steps.later-script-removed-by-earlier-script.html,0
org.mozilla.wpt.nodes.insertion-removing-steps.Node-appendChild-script-and-iframe.tentative.html,0
org.mozilla.wpt.nodes.insertion-removing-steps.Node-appendChild-three-scripts-from-fragment.tentative.html,0
org.mozilla.wpt.nodes.insertion-removing-steps.Node-appendChild-script-and-div-from-fragment.tentative.html,0
org.mozilla.wpt.nodes.moveBefore.focus-preserve.html,2
org.mozilla.wpt.nodes.moveBefore.popover-preserve.html,0
org.mozilla.wpt.nodes.moveBefore.iframe-document-preserve.window.js,0
org.mozilla.wpt.nodes.moveBefore.Node-moveBefore.html,1
org.mozilla.wpt.nodes.moveBefore.input-moveBefore-crash.html,0
org.mozilla.wpt.nodes.moveBefore.css-transition-cross-shadow.html,1
org.mozilla.wpt.nodes.moveBefore.css-animation-commit-styles.html,1
org.mozilla.wpt.nodes.moveBefore.selection-preserve.html,0
org.mozilla.wpt.nodes.moveBefore.custom-element-move-reactions.html,0
org.mozilla.wpt.nodes.moveBefore.moveBefore-from-light-to-shadow.html,0
org.mozilla.wpt.nodes.moveBefore.continue-css-animation-left.html,0
org.mozilla.wpt.nodes.moveBefore.child-style-preserve.html,3
org.mozilla.wpt.nodes.moveBefore.modal-dialog.html,0
org.mozilla.wpt.nodes.moveBefore.live-range-updates.html,0
org.mozilla.wpt.nodes.moveBefore.listed-form-element-reset.html,0
org.mozilla.wpt.nodes.moveBefore.continue-css-transition-transform.html,0
org.mozilla.wpt.nodes.moveBefore.fullscreen-preserve.html,0
org.mozilla.wpt.nodes.moveBefore.relevant-mutations.html,1
org.mozilla.wpt.nodes.moveBefore.preserve-render-blocking-style.html,0
org.mozilla.wpt.nodes.moveBefore.chrome-338071841-crash.html,0
org.mozilla.wpt.nodes.moveBefore.pointer-events.html,3
org.mozilla.wpt.nodes.moveBefore.style-applies.html,0
org.mozilla.wpt.nodes.moveBefore.continue-css-transition-transform-pseudo.html,0
org.mozilla.wpt.nodes.moveBefore.fire-focusin-focusout.html,2
org.mozilla.wpt.nodes.moveBefore.throws-exception.html,1
org.mozilla.wpt.nodes.moveBefore.slotchange-events.html,0
org.mozilla.wpt.nodes.moveBefore.css-transition-cross-document.html,0
org.mozilla.wpt.nodes.moveBefore.nonce.html,1
org.mozilla.wpt.nodes.moveBefore.moveBefore-shadow-inside.html,2
org.mozilla.wpt.nodes.moveBefore.focus-within.html,0
org.mozilla.wpt.nodes.moveBefore.mutation-observer.html,0
org.mozilla.wpt.nodes.moveBefore.continue-css-animation-transform.html,3
org.mozilla.wpt.nodes.moveBefore.css-transition-to-disconnected-document.html,1
org.mozilla.wpt.nodes.moveBefore.css-transition-trigger.html,0
org.mozilla.wpt.nodes.moveBefore.object-crash-regression.html,0
org.mozilla.wpt.nodes.moveBefore.preserve-render-blocking-script.html,2
org.mozilla.wpt.nodes.moveBefore.select-option-optgroup.html,0
org.mozilla.wpt.nodes.moveBefore.moveBefore-shadow-root.html,0
org.mozilla.wpt.nodes.moveBefore.continue-css-transition-left-pseudo.html,1
org.mozilla.wpt.nodes.moveBefore.continue-css-transition-left.html,0
org.mozilla.wpt.nodes.moveBefore.resources.moveBefore-iframe.html,0
org.mozilla.wpt.nodes.moveBefore.resources.dummy.js,0
org.mozilla.wpt.nodes.support.NodeList-static-length-tampered.js,0
org.mozilla.wpt.traversal.NodeIterator-removal.html,3
org.mozilla.wpt.traversal.TreeWalker-previousSiblingLastChildSkip.html,1
org.mozilla.wpt.traversal.TreeWalker.html,0
org.mozilla.wpt.traversal.NodeIterator.html,0
org.mozilla.wpt.traversal.TreeWalker-currentNode.html,1
org.mozilla.wpt.traversal.TreeWalker-realm.html,0
org.mozilla.wpt.traversal.TreeWalker-acceptNode-filter.html,1
org.mozilla.wpt.traversal.TreeWalker-traversal-reject.html,1
org.mozilla.wpt.traversal.TreeWalker-traversal-skip-most.html,1
org.mozilla.wpt.traversal.TreeWalker-traversal-skip.html,1
org.mozilla.wpt.traversal.NodeFilter-constants.html,0
org.mozilla.wpt.traversal.TreeWalker-walking-outside-a-tree.html,0
org.mozilla.wpt.traversal.TreeWalker-acceptNode-filter-cross-realm.html,0
org.mozilla.wpt.traversal.TreeWalker-basic.html,0
org.mozilla.wpt.traversal.TreeWalker-acceptNode-filter-cross-realm-null-browsing-context.html,0
org.mozilla.wpt.traversal.TreeWalker-previousNodeLastChildReject.html,0
org.mozilla.wpt.traversal.support.empty-document.html,0
org.mozilla.wpt.traversal.support.TreeWalker-acceptNode-filter-cross-realm-null-browsing-context-subframe.html,3
org.mozilla.wpt.traversal.support.assert-node.js,2
org.mozilla.wpt.collections.HTMLCollection-own-props.html,1
org.mozilla.wpt.collections.namednodemap-supported-property-names.html,0
org.mozilla.wpt.collections.HTMLCollection-supported-property-names.html,0
org.mozilla.wpt.collections.domstringmap-supported-property-names.html,0
org.mozilla.wpt.collections.HTMLCollection-delete.html,1
org.mozilla.wpt.collections.HTMLCollection-live-mutations.window.js,0
org.mozilla.wpt.collections.HTMLCollection-iterator.html,0
org.mozilla.wpt.collections.HTMLCollection-supported-property-indices.html,0
org.mozilla.wpt.collections.HTMLCollection-as-prototype.html,0
org.mozilla.wpt.collections.HTMLCollection-empty-name.html,1
org.mozilla.wpt.parts.dom-parts-parseparts-002-crash.tentative.html,0
org.mozilla.wpt.parts.dom-parts-parseparts-on-head.tentative.html,0
org.mozilla.wpt.parts.dom-parts-parseparts-003-crash.tentative.html,0
org.mozilla.wpt.parts.basic-dom-part-objects.tentative.html,0
org.mozilla.wpt.parts.basic-dom-part-declarative-brace-syntax-innerhtml.tentative.html,2
org.mozilla.wpt.parts.dom-parts-parseparts-on-root.tentative.html,3
org.mozilla.wpt.parts.dom-parts-parseparts-on-body.tentative.html,2
org.mozilla.wpt.parts.basic-dom-part-declarative-brace-syntax.tentative.html,1
org.mozilla.wpt.parts.dom-parts-parseparts-001-crash.tentative.html,0
org.mozilla.wpt.parts.document-element-attribute-part-crash.tentative.html,0
org.mozilla.wpt.parts.dom-parts-valid-node-types.tentative.html,2
org.mozilla.wpt.parts.dom-parts-clone-detached-doc-crash.tentative.html,0
org.mozilla.wpt.parts.resources.domparts-utils.js,0
org.mozilla.wpt.abort.abort-signal-timeout.html,0
org.mozilla.wpt.abort.timeout-shadowrealm.any.js,0
org.mozilla.wpt.abort.timeout.any.js,0
org.mozilla.wpt.abort.AbortSignal.any.js,0
org.mozilla.wpt.abort.abort-signal-any.any.js,0
org.mozilla.wpt.abort.abort-signal-any-crash.html,0
org.mozilla.wpt.abort.event.any.js,0
org.mozilla.wpt.abort.reason-constructor.html,0
org.mozilla.wpt.abort.resources.abort-signal-any-tests.js,0
org.mozilla.wpt.abort.crashtests.timeout-close.html,2
org.mozilla.wpt.abort.crashtests.any-on-abort.html,0
org.mozilla.wpt.lists.DOMTokenList-iteration.html,0
org.mozilla.wpt.lists.DOMTokenList-Iterable.html,0
org.mozilla.wpt.lists.DOMTokenList-coverage-for-attributes.html,0
org.mozilla.wpt.lists.DOMTokenList-value.html,2
org.mozilla.wpt.lists.DOMTokenList-stringifier.html,0
org.mozilla.wpt.events.Event-dispatch-target-removed.html,3
org.mozilla.wpt.events.Event-dispatch-handlers-changed.html,0
org.mozilla.wpt.events.Event-defaultPrevented-after-dispatch.html,2
org.mozilla.wpt.events.Event-dispatch-listener-order.window.js,0
org.mozilla.wpt.events.EventListener-incumbent-global-subsubframe.sub.html,0
org.mozilla.wpt.events.EventListenerOptions-capture.html,1
org.mozilla.wpt.events.Event-dispatch-detached-click.html,0
org.mozilla.wpt.events.Event-timestamp-safe-resolution.html,5
org.mozilla.wpt.events.shadow-relatedTarget.html,0
org.mozilla.wpt.events.Event-subclasses-constructors.html,3
org.mozilla.wpt.events.event-global-extra.window.js,0
org.mozilla.wpt.events.Event-timestamp-high-resolution.html,0
org.mozilla.wpt.events.legacy-pre-activation-behavior.window.js,0
org.mozilla.wpt.events.webkit-transition-end-event.html,1
org.mozilla.wpt.events.Body-FrameSet-Event-Handlers.html,0
org.mozilla.wpt.events.EventListener-incumbent-global-2.sub.html,0
org.mozilla.wpt.events.EventListener-incumbent-global-subframe-1.sub.html,0
org.mozilla.wpt.events.Event-cancelBubble.html,0
org.mozilla.wpt.events.Event-dispatch-throwing-multiple-globals.html,0
org.mozilla.wpt.events.Event-timestamp-high-resolution.https.html,0
org.mozilla.wpt.events.Event-dispatch-omitted-capture.html,0
org.mozilla.wpt.events.pointer-event-document-move.html,0
org.mozilla.wpt.events.Event-dispatch-detached-input-and-change.html,0
org.mozilla.wpt.events.Event-dispatch-click.tentative.html,2
org.mozilla.wpt.events.event-global-is-still-set-when-reporting-exception-onerror.html,1
org.mozilla.wpt.events.passive-by-default.html,0
org.mozilla.wpt.events.handler-count.html,1
org.mozilla.wpt.events.Event-init-while-dispatching.html,0
org.mozilla.wpt.events.Event-dispatch-propagation-stopped.html,0
org.mozilla.wpt.events.Event-dispatch-on-disabled-elements.html,0
org.mozilla.wpt.events.EventListener-addEventListener.sub.window.js,0
org.mozilla.wpt.events.Event-dispatch-click.html,0
org.mozilla.wpt.events.EventTarget-add-remove-listener.any.js,0
org.mozilla.wpt.events.replace-event-listener-null-browsing-context-crash.html,0
org.mozilla.wpt.events.KeyEvent-initKeyEvent.html,0
org.mozilla.wpt.events.relatedTarget.window.js,1
org.mozilla.wpt.events.Event-dispatch-bubble-canceled.html,0
org.mozilla.wpt.events.keypress-dispatch-crash.html,0
org.mozilla.wpt.events.no-focus-events-at-clicking-editable-content-in-link.html,0
org.mozilla.wpt.events.EventTarget-dispatchEvent.html,0
org.mozilla.wpt.events.Event-dispatch-other-document.html,0
org.mozilla.wpt.events.Event-dispatch-order-at-target.html,0
org.mozilla.wpt.events.mouse-event-retarget.html,2
org.mozilla.wpt.events.Event-dispatch-bubbles-false.html,0
org.mozilla.wpt.events.AddEventListenerOptions-passive.any.js,1
org.mozilla.wpt.events.label-default-action.html,1
org.mozilla.wpt.events.event-disabled-dynamic.html,5
org.mozilla.wpt.events.Event-initEvent.html,0
org.mozilla.wpt.events.Event-timestamp-cross-realm-getter.html,0
org.mozilla.wpt.events.Event-dispatch-single-activation-behavior.html,0
org.mozilla.wpt.events.Event-constructors.any.js,0
org.mozilla.wpt.events.EventTarget-constructible.any.js,0
org.mozilla.wpt.events.EventTarget-removeEventListener.any.js,0
org.mozilla.wpt.events.EventListener-handleEvent.html,0
org.mozilla.wpt.events.event-global.html,1
org.mozilla.wpt.events.event-src-element-nullable.html,0
org.mozilla.wpt.events.Event-dispatch-throwing.html,0
org.mozilla.wpt.events.webkit-animation-start-event.html,0
org.mozilla.wpt.events.event-global.worker.js,0
org.mozilla.wpt.events.EventListener-handleEvent-cross-realm.html,1
org.mozilla.wpt.events.Event-constants.html,0
org.mozilla.wpt.events.Event-returnValue.html,1
org.mozilla.wpt.events.focus-event-document-move.html,0
org.mozilla.wpt.events.AddEventListenerOptions-once.any.js,0
org.mozilla.wpt.events.Event-dispatch-bubbles-true.html,1
org.mozilla.wpt.events.Event-dispatch-target-moved.html,0
org.mozilla.wpt.events.window-composed-path.html,2
org.mozilla.wpt.events.Event-dispatch-multiple-stopPropagation.html,1
org.mozilla.wpt.events.Event-dispatch-order.html,0
org.mozilla.wpt.events.EventTarget-this-of-listener.html,2
org.mozilla.wpt.events.webkit-animation-iteration-event.html,0
org.mozilla.wpt.events.Event-dispatch-redispatch.html,0
org.mozilla.wpt.events.event-global-set-before-handleEvent-lookup.window.js,0
org.mozilla.wpt.events.Event-isTrusted.any.js,3
org.mozilla.wpt.events.AddEventListenerOptions-signal.any.js,0
org.mozilla.wpt.events.Event-type-empty.html,2
org.mozilla.wpt.events.Event-defaultPrevented.html,0
org.mozilla.wpt.events.EventTarget-dispatchEvent-returnvalue.html,0
org.mozilla.wpt.events.Event-stopImmediatePropagation.html,1
org.mozilla.wpt.events.EventTarget-addEventListener.any.js,0
org.mozilla.wpt.events.EventListener-incumbent-global-1.sub.html,0
org.mozilla.wpt.events.EventListener-incumbent-global-subframe-2.sub.html,0
org.mozilla.wpt.events.preventDefault-during-activation-behavior.html,0
org.mozilla.wpt.events.EventListener-invoke-legacy.html,0
org.mozilla.wpt.events.event-global-is-still-set-when-coercing-beforeunload-result.html,3
org.mozilla.wpt.events.Event-dispatch-reenter.html,1
org.mozilla.wpt.events.remove-all-listeners.html,0
org.mozilla.wpt.events.Event-type.html,0
org.mozilla.wpt.events.webkit-animation-end-event.html,0
org.mozilla.wpt.events.CustomEvent.html,1
org.mozilla.wpt.events.Event-dispatch-multiple-cancelBubble.html,5
org.mozilla.wpt.events.Event-propagation.html,0
org.mozilla.wpt.events.EventTarget-add-listener-platform-object.html,0
org.mozilla.wpt.events.Event-stopPropagation-cancel-bubbling.html,0
org.mozilla.wpt.events.scrolling.wheel-event-transactions-multiple-action-chains.html,0
org.mozilla.wpt.events.scrolling.scrollend-user-scroll-common.js,2
org.mozilla.wpt.events.scrolling.scrollend-fires-to-text-input.html,0
org.mozilla.wpt.events.scrolling.scrollend-event-fires-on-visual-viewport.html,1
org.mozilla.wpt.events.scrolling.wheel-event-no-scroll-after-prevent-default.html,0
org.mozilla.wpt.events.scrolling.scroll-cross-origin-iframes.sub.html,0
org.mozilla.wpt.events.scrolling.scroll-event-fired-to-iframe.html,2
org.mozilla.wpt.events.scrolling.scrollend-event-for-user-scroll.html,2
org.mozilla.wpt.events.scrolling.save-iframe-scroll-offset-when-display-none.html,1
org.mozilla.wpt.events.scrolling.scrollend-event-fired-for-scrollIntoView.html,2
org.mozilla.wpt.events.scrolling.overscroll-event-fired-to-document.tentative.html,0
org.mozilla.wpt.events.scrolling.scrollend-event-fired-to-window.html,1
org.mozilla.wpt.events.scrolling.scrollend-event-fired-after-sequence-of-scrolls.tentative.html,0
org.mozilla.wpt.events.scrolling.overscroll-event-fired-to-window.tentative.html,1
org.mozilla.wpt.events.scrolling.wheel-event-transactions-target-resize.html,5
org.mozilla.wpt.events.scrolling.wheel-event-transactions-target-move.html,1
org.mozilla.wpt.events.scrolling.scrollend-event-handler-content-attributes.html,1
org.mozilla.wpt.events.scrolling.scroll_support.js,1
org.mozilla.wpt.events.scrolling.save-iframe-scroll-offset-when-display-none.sub.html,0
org.mozilla.wpt.events.scrolling.wheel-event-transactions-basic.html,0
org.mozilla.wpt.events.scrolling.scrollend-event-fired-for-mandatory-snap-point-after-load.html,3
org.mozilla.wpt.events.scrolling.wheel-event-transactions-target-display-change.html,5
org.mozilla.wpt.events.scrolling.iframe-chains.html,0
org.mozilla.wpt.events.scrolling.scrollend-event-fired-for-programmatic-scroll.html,0
org.mozilla.wpt.events.scrolling.overscroll-event-fired-to-element-with-overscroll-behavior.tentative.html,0
org.mozilla.wpt.events.scrolling.scrollend-event-not-fired-on-no-scroll.html,1
org.mozilla.wpt.events.scrolling.input-text-scroll-event-when-using-arrow-keys.html,0
org.mozilla.wpt.events.scrolling.scrollend-event-fires-to-iframe-window.html,0
org.mozilla.wpt.events.scrolling.scroll-event-fired-to-element.html,0
org.mozilla.wpt.events.scrolling.scrollend-event-not-fired-after-removing-scroller.tentative.html,0
org.mozilla.wpt.events.scrolling.wheel-event-transactions-target-elements.html,0
org.mozilla.wpt.events.scrolling.scrollend-event-fired-for-scroll-attr-change.html,0
org.mozilla.wpt.events.scrolling.scrollend-event-fires-to-iframe-inner-frame.html,0
org.mozilla.wpt.events.scrolling.scrollend-event-fired-to-element-with-overscroll-behavior.html,0
org.mozilla.wpt.events.scrolling.scrollend-with-snap-on-fractional-offset.html,2
org.mozilla.wpt.events.scrolling.wheel-event-transactions-target-removal.html,0
org.mozilla.wpt.events.scrolling.overscroll-event-fired-to-scrolled-element.tentative.html,0
org.mozilla.wpt.events.scrolling.scroll-cross-origin-iframes.html,0
org.mozilla.wpt.events.scrolling.overscroll-deltas.tentative.html,0
org.mozilla.wpt.events.scrolling.scrollend-event-fired-after-snap.html,1
org.mozilla.wpt.events.scrolling.scrollend-event-fired-to-document.html,0
org.mozilla.wpt.events.resources.prefixed-animation-event-tests.js,2
org.mozilla.wpt.events.resources.empty-document.html,0
org.mozilla.wpt.events.resources.event-global-is-still-set-when-coercing-beforeunload-result-frame.html,0
org.mozilla.wpt.events.resources.event-global-extra-frame.html,0
org.mozilla.wpt.events.resources.large-dimension-document.sub.html,0
org.mozilla.wpt.events.non-cancelable-when-passive.generic-events-stay-cancelable.html,3
org.mozilla.wpt.events.non-cancelable-when-passive.passive-wheel-event-listener-on-document.html,0
org.mozilla.wpt.events.non-cancelable-when-passive.non-passive-touchstart-event-listener-on-root.html,0
org.mozilla.wpt.events.non-cancelable-when-passive.passive-mousewheel-event-listener-on-body.html,0
org.mozilla.wpt.events.non-cancelable-when-passive.non-passive-mousewheel-event-listener-on-document.html,1
org.mozilla.wpt.events.non-cancelable-when-passive.non-passive-wheel-event-listener-on-body.html,0
org.mozilla.wpt.events.non-cancelable-when-passive.non-passive-wheel-event-listener-on-document.html,0
org.mozilla.wpt.events.non-cancelable-when-passive.passive-touchmove-event-listener-on-document.html,0
org.mozilla.wpt.events.non-cancelable-when-passive.non-passive-touchmove-event-listener-on-document.html,0
org.mozilla.wpt.events.non-cancelable-when-passive.non-passive-touchmove-event-listener-on-root.html,0
org.mozilla.wpt.events.non-cancelable-when-passive.non-passive-mousewheel-event-listener-on-div.html,0
org.mozilla.wpt.events.non-cancelable-when-passive.passive-wheel-event-listener-on-root.html,0
org.mozilla.wpt.events.non-cancelable-when-passive.passive-touchmove-event-listener-on-root.html,0
org.mozilla.wpt.events.non-cancelable-when-passive.passive-touchmove-event-listener-on-div.html,0
org.mozilla.wpt.events.non-cancelable-when-passive.passive-mousewheel-event-listener-on-div.html,0
org.mozilla.wpt.events.non-cancelable-when-passive.non-passive-mousewheel-event-listener-on-root.html,0
org.mozilla.wpt.events.non-cancelable-when-passive.passive-touchstart-event-listener-on-document.html,1
org.mozilla.wpt.events.non-cancelable-when-passive.non-passive-touchmove-event-listener-on-window.html,0
org.mozilla.wpt.events.non-cancelable-when-passive.non-passive-touchmove-event-listener-on-div.html,1
org.mozilla.wpt.events.non-cancelable-when-passive.passive-wheel-event-listener-on-div.html,3
org.mozilla.wpt.events.non-cancelable-when-passive.synthetic-events-cancelable.html,0
org.mozilla.wpt.events.non-cancelable-when-passive.passive-touchstart-event-listener-on-body.html,0
org.mozilla.wpt.events.non-cancelable-when-passive.non-passive-touchstart-event-listener-on-document.html,0
org.mozilla.wpt.events.non-cancelable-when-passive.passive-mousewheel-event-listener-on-window.html,0
org.mozilla.wpt.events.non-cancelable-when-passive.non-passive-wheel-event-listener-on-window.html,0
org.mozilla.wpt.events.non-cancelable-when-passive.passive-mousewheel-event-listener-on-root.html,0
org.mozilla.wpt.events.non-cancelable-when-passive.non-passive-wheel-event-listener-on-root.html,0
org.mozilla.wpt.events.non-cancelable-when-passive.non-passive-touchstart-event-listener-on-window.html,0
org.mozilla.wpt.events.non-cancelable-when-passive.non-passive-wheel-event-listener-on-div.html,1
org.mozilla.wpt.events.non-cancelable-when-passive.non-passive-touchstart-event-listener-on-body.html,2
org.mozilla.wpt.events.non-cancelable-when-passive.non-passive-mousewheel-event-listener-on-window.html,0
org.mozilla.wpt.events.non-cancelable-when-passive.passive-touchstart-event-listener-on-div.html,2
org.mozilla.wpt.events.non-cancelable-when-passive.passive-wheel-event-listener-on-window.html,0
org.mozilla.wpt.events.non-cancelable-when-passive.passive-touchstart-event-listener-on-root.html,0
org.mozilla.wpt.events.non-cancelable-when-passive.non-passive-mousewheel-event-listener-on-body.html,1
org.mozilla.wpt.events.non-cancelable-when-passive.non-passive-touchstart-event-listener-on-div.html,0
org.mozilla.wpt.events.non-cancelable-when-passive.passive-touchmove-event-listener-on-body.html,2
org.mozilla.wpt.events.non-cancelable-when-passive.passive-touchmove-event-listener-on-window.html,1
org.mozilla.wpt.events.non-cancelable-when-passive.passive-mousewheel-event-listener-on-document.html,0
org.mozilla.wpt.events.non-cancelable-when-passive.non-passive-touchmove-event-listener-on-body.html,0
org.mozilla.wpt.events.non-cancelable-when-passive.passive-wheel-event-listener-on-body.html,0
org.mozilla.wpt.events.non-cancelable-when-passive.passive-touchstart-event-listener-on-window.html,0
org.mozilla.wpt.events.non-cancelable-when-passive.resources.touching.js,0
org.mozilla.wpt.events.non-cancelable-when-passive.resources.wait-for.js,1
org.mozilla.wpt.events.non-cancelable-when-passive.resources.scrolling.js,0
